class_id,pixel_count,percentage
0,11820349,90.1821060180664
1,703193,5.364936828613281
2,583658,4.4529571533203125
